CustomerID,Gender,MaritalStatus,AgeBand,Country,ProductName,Sales
1001,Female,Married,45-54,France,Headphones,2390.27
1002,Female,Single,65-74,Brazil,Desktop,4037.06
1003,Female,Married,45-54,Japan,Headphones,4866.89
1004,Female,Married,65-74,Australia,Camera,4298.4
1005,Female,Married,18-24,Brazil,Mobile,2397.94
1006,Female,Married,75-84,UK,Headphones,3586.19
1007,Male,Single,45-54,France,Headphones,102.25
1008,Female,Married,18-24,Brazil,Smartwatch,1701.9
1009,Male,Married,35-44,USA,Laptop,3019.59
1010,Female,Married,18-24,USA,Tablet,2922.49
1011,Male,Married,55-64,Germany,Headphones,3632.99
1012,Male,Married,18-24,Germany,Laptop,4470.09
1013,Female,Married,18-24,UK,Desktop,3497.31
1014,Female,Single,45-54,Brazil,Mobile,4246.68
1015,Female,Single,65-74,Canada,Desktop,319.28
1016,Female,Single,35-44,South Africa,Smartwatch,3036.43
1017,Male,Single,35-44,France,Headphones,1852.41
1018,Female,Married,55-64,South Africa,Laptop,134.0
1019,Male,Married,18-24,USA,Tablet,303.98
1020,Male,Single,18-24,Germany,Laptop,2789.47
1021,Male,Single,18-24,Australia,Tablet,603.93
1022,Male,Married,55-64,Germany,Tablet,1294.5
1023,Female,Married,65-74,Canada,Mobile,1392.82
1024,Male,Single,65-74,USA,Tablet,3928.18
1025,Male,Married,65-74,India,Laptop,2256.1
1026,Female,Single,18-24,Canada,Laptop,434.47
1027,Female,Married,65-74,South Africa,Camera,1129.35
1028,Male,Single,65-74,France,Laptop,3315.26
1029,Male,Single,18-24,USA,TV,4616.77
1030,Female,Single,55-64,Australia,TV,2082.2
1031,Male,Single,18-24,Japan,TV,2557.69
1032,Male,Married,65-74,South Africa,Laptop,2475.5
1033,Female,Single,45-54,India,Smartwatch,3736.48
1034,Female,Single,45-54,Japan,Camera,2148.43
1035,Male,Married,55-64,Japan,Headphones,4045.78
1036,Male,Married,55-64,Brazil,Smartwatch,4679.93
1037,Male,Single,18-24,Australia,Mobile,2453.92
1038,Female,Single,35-44,Australia,Desktop,1558.18
1039,Male,Married,65-74,South Africa,Headphones,2695.3
1040,Male,Single,45-54,UK,TV,4357.1
1041,Male,Married,65-74,USA,Laptop,3767.19
1042,Male,Single,18-24,Canada,Smartwatch,837.53
1043,Female,Married,35-44,South Africa,Camera,1661.26
1044,Male,Married,35-44,Japan,Headphones,2163.0
1045,Male,Single,18-24,Canada,Smartwatch,2790.95
1046,Female,Single,55-64,Germany,Smartwatch,3269.61
1047,Female,Single,65-74,USA,Mobile,3599.78
1048,Female,Married,18-24,UK,Mobile,1481.51
1049,Female,Married,18-24,Brazil,TV,1747.95
1050,Male,Married,25-34,South Africa,Camera,3303.18
1051,Male,Married,75-84,Brazil,Laptop,2243.72
1052,Female,Married,75-84,Germany,Laptop,253.69
1053,Female,Single,75-84,UK,Camera,2148.04
1054,Female,Single,65-74,France,TV,185.4
1055,Female,Married,25-34,Japan,TV,3886.02
1056,Male,Married,45-54,South Africa,Smartwatch,1594.36
1057,Male,Single,18-24,France,Headphones,4873.01
1058,Female,Married,35-44,Australia,Tablet,3128.76
1059,Male,Married,55-64,South Africa,Smartwatch,4543.8
1060,Male,Single,75-84,India,Desktop,973.46
1061,Male,Married,45-54,India,Smartwatch,651.85
1062,Female,Married,18-24,Japan,Tablet,2246.02
1063,Male,Married,55-64,Australia,Smartwatch,3456.53
1064,Female,Married,55-64,UK,Desktop,1341.25
1065,Female,Single,35-44,Australia,Tablet,3019.64
1066,Male,Married,18-24,UK,TV,205.92
1067,Female,Single,75-84,Brazil,Mobile,2071.3
1068,Male,Single,65-74,Canada,Camera,4559.97
1069,Male,Single,55-64,UK,Smartwatch,1984.4
1070,Female,Married,75-84,South Africa,TV,3524.21
1071,Male,Single,55-64,USA,TV,1466.26
1072,Female,Married,25-34,USA,TV,2734.44
1073,Male,Single,45-54,Canada,Tablet,4175.17
1074,Female,Single,45-54,Japan,Laptop,3600.89
1075,Male,Single,18-24,Australia,Tablet,1125.04
1076,Male,Single,45-54,UK,Mobile,4109.05
1077,Female,Single,65-74,Australia,Desktop,2997.92
1078,Male,Married,18-24,Japan,Headphones,2298.98
1079,Female,Married,55-64,Brazil,Smartwatch,2878.12
1080,Female,Single,65-74,Canada,Desktop,1625.89
1081,Female,Married,35-44,India,Laptop,945.0
1082,Male,Married,45-54,France,Camera,760.02
1083,Male,Single,65-74,Japan,Smartwatch,790.66
1084,Male,Single,45-54,Canada,Headphones,1381.47
1085,Male,Single,65-74,Brazil,Smartwatch,235.8
1086,Female,Married,65-74,India,Headphones,4855.34
1087,Male,Married,25-34,South Africa,TV,2997.6
1088,Female,Married,65-74,Germany,Desktop,2147.88
1089,Male,Single,25-34,Brazil,Desktop,2194.89
1090,Female,Married,55-64,Brazil,Smartwatch,2501.52
1091,Male,Married,45-54,France,Mobile,1892.06
1092,Female,Single,45-54,Japan,TV,2616.75
1093,Female,Married,45-54,Japan,Mobile,2597.78
1094,Female,Single,35-44,South Africa,Tablet,3026.3
1095,Female,Single,75-84,Japan,Tablet,2486.67
1096,Female,Single,18-24,Japan,Tablet,4460.75
1097,Female,Single,25-34,South Africa,Laptop,1321.96
1098,Female,Married,45-54,Germany,Tablet,429.0
1099,Female,Single,18-24,Japan,Desktop,2407.44
1100,Female,Single,35-44,UK,Mobile,4912.8
1101,Male,Married,65-74,Japan,Laptop,2247.86
1102,Female,Married,55-64,UK,Smartwatch,2609.69
1103,Female,Single,35-44,Australia,Headphones,2506.34
1104,Male,Married,25-34,Australia,Tablet,3175.64
1105,Male,Single,45-54,France,Camera,4746.96
1106,Male,Single,75-84,Australia,Mobile,4419.36
1107,Female,Married,35-44,UK,Headphones,1609.22
1108,Female,Married,35-44,South Africa,TV,2953.6
1109,Male,Single,35-44,Japan,Mobile,1502.84
1110,Male,Single,75-84,Germany,Laptop,2142.63
1111,Female,Single,35-44,Japan,Smartwatch,3978.84
1112,Male,Single,45-54,Australia,Mobile,3826.62
1113,Male,Single,35-44,Australia,Camera,3065.18
1114,Male,Married,35-44,Australia,Headphones,4123.13
1115,Female,Married,25-34,Japan,Tablet,3230.2
1116,Female,Married,75-84,South Africa,Mobile,976.05
1117,Female,Single,25-34,Canada,Tablet,1551.82
1118,Female,Married,65-74,Australia,TV,3648.97
1119,Female,Married,55-64,India,Smartwatch,2854.25
1120,Female,Single,55-64,Brazil,Laptop,4153.79
1121,Female,Single,35-44,Australia,Camera,3019.96
1122,Female,Single,18-24,India,Tablet,2742.11
1123,Female,Married,18-24,France,Desktop,4162.64
1124,Female,Single,55-64,India,Laptop,3009.15
1125,Male,Married,45-54,France,Laptop,1878.26
1126,Female,Single,25-34,USA,Smartwatch,2374.05
1127,Male,Single,35-44,France,Headphones,2941.55
1128,Female,Married,65-74,UK,TV,1246.66
1129,Female,Single,55-64,Germany,Mobile,3574.64
1130,Male,Single,55-64,USA,Camera,2210.39
1131,Female,Married,65-74,Australia,Camera,4440.39
1132,Male,Married,25-34,Canada,Laptop,4945.06
1133,Female,Married,25-34,USA,Mobile,233.71
1134,Male,Married,35-44,South Africa,Mobile,2584.27
1135,Female,Married,65-74,Japan,Desktop,997.13
1136,Female,Single,35-44,USA,Desktop,2903.28
1137,Male,Single,45-54,India,Tablet,1956.06
1138,Male,Married,35-44,Canada,Camera,1670.86
1139,Male,Married,65-74,South Africa,TV,724.81
1140,Female,Single,65-74,Brazil,Laptop,4898.35
1141,Male,Married,75-84,USA,Laptop,408.65
1142,Female,Married,75-84,Australia,Desktop,378.76
1143,Male,Single,25-34,France,Mobile,513.61
1144,Male,Married,45-54,Germany,TV,2039.81
1145,Female,Single,18-24,UK,Smartwatch,826.62
1146,Female,Married,35-44,Australia,Desktop,2747.0
1147,Male,Single,45-54,Japan,TV,3028.39
1148,Female,Single,55-64,Canada,Tablet,3347.61
1149,Female,Single,75-84,Canada,Mobile,2575.11
1150,Female,Married,35-44,USA,Tablet,4319.01
1151,Male,Single,45-54,Japan,TV,3666.87
1152,Male,Married,35-44,Brazil,Laptop,1180.82
1153,Female,Single,25-34,France,Smartwatch,3496.3
1154,Male,Single,18-24,France,Laptop,4271.75
1155,Female,Married,18-24,South Africa,Smartwatch,598.9
1156,Female,Married,75-84,UK,Headphones,1404.7
1157,Female,Married,25-34,UK,Headphones,2660.26
1158,Female,Married,45-54,India,Camera,2194.37
1159,Male,Married,75-84,UK,Laptop,1406.36
1160,Female,Married,65-74,South Africa,Headphones,4749.37
1161,Male,Single,65-74,Australia,Desktop,1870.33
1162,Female,Single,55-64,Japan,Camera,3421.49
1163,Male,Single,18-24,India,Headphones,1601.03
1164,Male,Married,25-34,UK,Smartwatch,213.38
1165,Female,Single,35-44,South Africa,Mobile,4674.72
1166,Male,Single,55-64,Brazil,Headphones,1644.55
1167,Male,Single,18-24,India,Headphones,4793.81
1168,Female,Married,55-64,South Africa,Tablet,344.35
1169,Male,Single,65-74,South Africa,Desktop,1295.33
1170,Female,Married,45-54,India,Camera,2047.85
1171,Female,Married,18-24,Germany,Smartwatch,3166.14
1172,Female,Single,25-34,Japan,Tablet,601.09
1173,Female,Single,35-44,France,Mobile,3074.68
1174,Male,Single,65-74,UK,Smartwatch,1925.68
1175,Male,Married,55-64,Canada,Laptop,1811.67
1176,Female,Married,25-34,UK,Smartwatch,4364.65
1177,Female,Single,45-54,France,Tablet,1210.22
1178,Male,Married,25-34,Brazil,Camera,2811.84
1179,Female,Married,35-44,France,Camera,3700.37
1180,Female,Single,25-34,Japan,TV,4834.0
1181,Female,Single,55-64,India,Desktop,1586.23
1182,Male,Single,25-34,Australia,Laptop,2633.73
1183,Female,Single,75-84,UK,Laptop,4490.96
1184,Male,Single,45-54,Australia,TV,1692.69
1185,Female,Married,75-84,Canada,Desktop,4176.12
1186,Male,Single,35-44,UK,Headphones,1520.26
1187,Male,Married,45-54,Brazil,Tablet,2670.63
1188,Female,Married,75-84,UK,Laptop,1138.27
1189,Female,Single,55-64,Australia,Smartwatch,2572.94
1190,Female,Married,25-34,UK,Mobile,462.94
1191,Female,Single,65-74,Canada,Tablet,1871.6
1192,Female,Married,75-84,Japan,Desktop,3123.13
1193,Female,Single,45-54,USA,Smartwatch,1774.43
1194,Male,Single,35-44,UK,Tablet,1323.4
1195,Male,Single,75-84,France,Camera,2350.49
1196,Male,Married,65-74,Japan,Laptop,4943.85
1197,Male,Married,25-34,Canada,Mobile,4429.5
1198,Female,Married,45-54,South Africa,Tablet,602.05
1199,Male,Married,75-84,USA,Desktop,3838.37
1200,Female,Married,65-74,India,Desktop,2539.48
1201,Female,Single,75-84,France,Smartwatch,1210.03
1202,Male,Single,75-84,France,Tablet,1925.4
1203,Female,Married,75-84,Brazil,Laptop,3017.47
1204,Female,Single,65-74,Germany,Camera,2994.06
1205,Female,Married,25-34,Australia,Desktop,2026.07
1206,Male,Married,65-74,South Africa,Desktop,2863.52
1207,Female,Single,45-54,USA,Smartwatch,3731.6
1208,Female,Single,18-24,South Africa,Smartwatch,2583.56
1209,Male,Single,35-44,France,Smartwatch,4726.46
1210,Female,Married,45-54,Brazil,TV,3595.98
1211,Female,Single,25-34,UK,Laptop,3883.2
1212,Female,Married,35-44,USA,Mobile,1253.0
1213,Female,Single,55-64,Germany,Mobile,659.06
1214,Female,Single,55-64,Australia,Camera,4082.22
1215,Male,Married,25-34,Germany,Mobile,3669.73
1216,Female,Single,55-64,USA,Mobile,2409.51
1217,Female,Married,55-64,Germany,Mobile,2106.43
1218,Female,Married,75-84,France,TV,1982.0
1219,Female,Married,25-34,UK,Desktop,1570.61
1220,Female,Single,18-24,Australia,Desktop,305.45
1221,Male,Single,65-74,Brazil,Mobile,1712.94
1222,Female,Married,65-74,USA,Smartwatch,4218.86
1223,Female,Married,45-54,Japan,Tablet,3888.34
1224,Female,Married,25-34,South Africa,Mobile,3899.73
1225,Female,Married,25-34,Germany,Desktop,357.89
1226,Male,Single,75-84,Germany,Camera,1686.3
1227,Male,Single,55-64,India,Desktop,1432.35
1228,Female,Married,65-74,Japan,TV,2268.45
1229,Male,Single,75-84,Germany,Tablet,4788.62
1230,Male,Married,75-84,South Africa,Headphones,1462.43
1231,Male,Single,18-24,Japan,Tablet,1067.72
1232,Male,Married,75-84,Canada,Laptop,1517.71
1233,Female,Married,35-44,Australia,Desktop,2089.8
1234,Male,Married,75-84,UK,TV,1423.07
1235,Female,Married,65-74,Canada,Laptop,3418.88
1236,Female,Single,45-54,Brazil,Headphones,559.11
1237,Female,Single,35-44,France,Mobile,353.33
1238,Male,Married,65-74,Japan,Camera,1440.23
1239,Female,Single,18-24,USA,Desktop,2158.71
1240,Male,Married,18-24,South Africa,Headphones,4145.61
1241,Male,Single,25-34,India,TV,2972.66
1242,Male,Married,75-84,Japan,Laptop,551.52
1243,Male,Married,18-24,USA,Laptop,4693.79
1244,Male,Married,55-64,India,Tablet,433.09
1245,Female,Married,75-84,France,Laptop,1037.1
1246,Female,Married,55-64,Japan,Mobile,162.97
1247,Female,Single,18-24,Germany,Laptop,4337.33
1248,Female,Married,55-64,South Africa,Camera,3110.44
1249,Female,Married,18-24,USA,Mobile,3240.29
1250,Male,Married,35-44,Australia,Laptop,3783.06
1251,Female,Single,35-44,Canada,Camera,4340.99
1252,Female,Married,25-34,Brazil,Smartwatch,2837.63
1253,Female,Single,65-74,Australia,Desktop,3835.52
1254,Female,Married,45-54,Canada,Headphones,816.32
1255,Male,Single,45-54,India,TV,515.19
1256,Female,Single,55-64,Canada,Camera,4826.76
1257,Male,Single,35-44,Australia,Laptop,3254.1
1258,Male,Married,18-24,France,Desktop,4037.39
1259,Female,Single,25-34,Australia,Mobile,4536.95
1260,Female,Married,25-34,USA,Tablet,3366.17
1261,Male,Married,18-24,South Africa,TV,3029.33
1262,Male,Single,65-74,USA,Laptop,3561.6
1263,Male,Single,65-74,Canada,Laptop,2933.0
1264,Female,Married,35-44,USA,TV,3681.11
1265,Male,Married,35-44,Germany,Headphones,2389.19
1266,Female,Married,35-44,Canada,Tablet,1775.58
1267,Male,Married,35-44,Japan,TV,2259.38
1268,Female,Married,35-44,France,Smartwatch,848.74
1269,Female,Married,75-84,Brazil,Smartwatch,2812.6
1270,Male,Married,25-34,France,Desktop,2324.8
1271,Female,Single,45-54,India,Laptop,348.78
1272,Male,Married,75-84,UK,Camera,3014.28
1273,Male,Single,25-34,USA,Tablet,1444.22
1274,Male,Married,75-84,Germany,Mobile,3201.14
1275,Male,Single,25-34,Japan,Headphones,3089.23
1276,Female,Single,45-54,Germany,Laptop,4173.95
1277,Female,Married,35-44,France,Tablet,1124.98
1278,Female,Married,55-64,Brazil,Smartwatch,4088.47
1279,Female,Single,25-34,Canada,Desktop,2465.16
1280,Male,Married,55-64,Germany,Laptop,3423.11
1281,Female,Single,45-54,Australia,Tablet,2237.56
1282,Male,Married,75-84,Australia,TV,341.44
1283,Male,Single,75-84,Canada,Headphones,724.81
1284,Male,Single,35-44,Canada,TV,2142.5
1285,Male,Married,25-34,Germany,TV,570.65
1286,Female,Single,65-74,France,TV,4146.98
1287,Female,Married,35-44,South Africa,Laptop,2658.17
1288,Male,Married,25-34,France,Laptop,3367.7
1289,Female,Married,18-24,Germany,Smartwatch,4701.77
1290,Male,Single,18-24,UK,Mobile,3065.16
1291,Male,Single,18-24,Australia,Smartwatch,3845.85
1292,Male,Married,35-44,USA,Headphones,1535.54
1293,Male,Married,45-54,Australia,Laptop,1895.27
1294,Male,Married,35-44,South Africa,Tablet,2759.68
1295,Male,Single,45-54,Brazil,Tablet,3111.87
1296,Female,Single,75-84,Japan,Desktop,4234.74
1297,Female,Married,45-54,UK,Camera,4506.39
1298,Male,Single,18-24,USA,TV,3020.36
1299,Female,Married,25-34,France,Desktop,485.33
1300,Female,Single,65-74,Japan,Desktop,378.79
1301,Female,Single,18-24,USA,Desktop,2449.46
1302,Male,Married,45-54,Japan,Tablet,1075.19
1303,Male,Married,45-54,Brazil,Camera,1473.14
1304,Male,Single,18-24,South Africa,Tablet,3975.64
1305,Male,Single,25-34,Brazil,Desktop,1974.37
1306,Male,Married,45-54,India,Smartwatch,4809.94
1307,Male,Married,75-84,USA,Tablet,3442.63
1308,Female,Married,35-44,USA,Desktop,2918.7
1309,Female,Married,75-84,Canada,Smartwatch,4440.67
1310,Female,Single,65-74,UK,Camera,4700.83
1311,Female,Single,18-24,UK,Smartwatch,3651.63
1312,Male,Single,45-54,Japan,Tablet,1782.93
1313,Female,Married,25-34,India,Laptop,743.73
1314,Male,Single,18-24,India,Headphones,659.26
1315,Female,Married,65-74,Japan,Laptop,1117.51
1316,Male,Married,55-64,Germany,Smartwatch,4009.56
1317,Male,Single,65-74,Germany,Laptop,3741.98
1318,Male,Married,45-54,Canada,TV,3578.37
1319,Male,Married,35-44,France,Headphones,1339.69
1320,Female,Single,55-64,France,Headphones,4739.25
1321,Female,Married,25-34,USA,Smartwatch,1537.35
1322,Male,Single,55-64,Germany,Camera,1742.09
1323,Female,Single,65-74,UK,TV,4299.82
1324,Male,Married,55-64,USA,TV,2665.35
1325,Male,Married,25-34,India,Desktop,2297.39
1326,Male,Married,55-64,Canada,Laptop,1333.64
1327,Female,Single,45-54,India,TV,2457.54
1328,Male,Married,35-44,South Africa,Headphones,4762.48
1329,Female,Single,35-44,France,Desktop,1847.02
1330,Male,Single,25-34,Australia,TV,4229.48
1331,Female,Married,25-34,Brazil,Tablet,4281.48
1332,Female,Single,35-44,USA,Mobile,541.58
1333,Female,Single,55-64,India,Headphones,1161.01
1334,Male,Married,65-74,USA,Headphones,2412.05
1335,Female,Single,55-64,Canada,Laptop,2130.96
1336,Male,Single,18-24,Canada,Camera,4712.43
1337,Male,Married,35-44,South Africa,Camera,1099.02
1338,Female,Married,65-74,South Africa,Tablet,512.68
1339,Male,Married,25-34,France,TV,2090.87
1340,Male,Single,75-84,Brazil,Camera,2951.06
1341,Female,Single,18-24,India,Headphones,2534.65
1342,Male,Single,35-44,Germany,Desktop,4483.95
1343,Male,Married,35-44,Brazil,Camera,2941.99
1344,Female,Married,45-54,Germany,Smartwatch,1478.09
1345,Male,Single,25-34,France,Headphones,4721.67
1346,Male,Single,45-54,France,Headphones,3816.59
1347,Female,Single,75-84,Germany,TV,2642.03
1348,Male,Single,25-34,France,Tablet,785.41
1349,Female,Single,65-74,USA,Smartwatch,4428.76
1350,Female,Married,18-24,UK,Headphones,924.25
1351,Female,Single,75-84,Australia,TV,2282.3
1352,Female,Single,55-64,Canada,Smartwatch,969.57
1353,Female,Single,65-74,Japan,TV,2203.99
1354,Male,Married,25-34,South Africa,TV,1795.06
1355,Male,Married,35-44,France,Headphones,4969.28
1356,Male,Married,25-34,India,Laptop,1328.62
1357,Male,Married,18-24,Canada,Mobile,129.1
1358,Male,Single,35-44,UK,Desktop,1807.32
1359,Female,Married,55-64,Brazil,Headphones,4884.5
1360,Female,Single,75-84,India,Camera,4688.17
1361,Male,Married,75-84,Germany,Desktop,4052.2
1362,Female,Married,35-44,India,Camera,3472.5
1363,Female,Single,45-54,India,Smartwatch,4672.89
1364,Male,Married,45-54,Australia,TV,2404.47
1365,Female,Single,55-64,France,Headphones,2144.51
1366,Male,Single,75-84,Japan,Tablet,4681.86
1367,Female,Married,75-84,India,Camera,3640.29
1368,Male,Single,45-54,USA,Mobile,1824.7
1369,Male,Married,25-34,South Africa,Smartwatch,3232.67
1370,Male,Married,45-54,Germany,Mobile,4889.13
1371,Female,Married,25-34,Japan,TV,2737.81
1372,Male,Single,55-64,Brazil,Camera,4091.23
1373,Male,Married,45-54,India,Desktop,1995.69
1374,Female,Married,25-34,Germany,TV,1502.88
1375,Female,Married,45-54,France,TV,4921.96
1376,Male,Married,18-24,Australia,Laptop,1621.28
1377,Male,Single,18-24,South Africa,Smartwatch,1189.4
1378,Female,Single,65-74,Japan,Desktop,2418.78
1379,Male,Single,45-54,South Africa,Camera,190.49
1380,Female,Single,75-84,Canada,Camera,3427.38
1381,Male,Married,65-74,Australia,Laptop,1425.95
1382,Male,Married,35-44,USA,Mobile,3505.46
1383,Male,Single,25-34,UK,TV,2675.86
1384,Male,Married,35-44,France,Desktop,3578.41
1385,Male,Married,65-74,South Africa,Smartwatch,4366.89
1386,Female,Single,18-24,Germany,Camera,3788.0
1387,Female,Single,18-24,Japan,Tablet,4360.84
1388,Female,Married,35-44,Canada,Tablet,3905.75
1389,Male,Married,55-64,France,Smartwatch,398.12
1390,Female,Married,35-44,Canada,Headphones,3368.09
1391,Female,Married,65-74,Canada,Laptop,2372.54
1392,Female,Single,45-54,Canada,Smartwatch,2764.61
1393,Male,Single,65-74,India,Tablet,1372.89
1394,Female,Single,55-64,Japan,Camera,4938.8
1395,Male,Married,35-44,UK,Mobile,4787.0
1396,Female,Single,18-24,India,Mobile,3271.28
1397,Female,Married,65-74,India,Smartwatch,3206.05
1398,Female,Single,18-24,Germany,Camera,1741.86
1399,Male,Married,75-84,USA,Headphones,1928.21
1400,Male,Married,75-84,Germany,Headphones,3544.3
1401,Female,Married,65-74,Germany,Laptop,1503.87
1402,Male,Married,18-24,France,Smartwatch,2189.66
1403,Male,Married,18-24,Brazil,TV,3818.7
1404,Male,Married,55-64,Brazil,Headphones,2348.3
1405,Female,Single,65-74,Brazil,Camera,703.14
1406,Female,Married,25-34,Brazil,Headphones,120.37
1407,Male,Married,45-54,USA,Smartwatch,4531.7
1408,Female,Married,25-34,Germany,Tablet,1176.06
1409,Female,Married,25-34,Canada,Mobile,1916.77
1410,Male,Single,35-44,Germany,Laptop,4379.31
1411,Female,Single,55-64,Brazil,Smartwatch,4331.94
1412,Female,Single,45-54,UK,Desktop,3588.82
1413,Male,Married,45-54,Japan,Desktop,3559.67
1414,Female,Married,45-54,France,Smartwatch,4389.37
1415,Male,Single,45-54,Canada,Mobile,1200.08
1416,Female,Married,18-24,India,TV,1867.08
1417,Male,Single,25-34,USA,Desktop,2849.78
1418,Male,Single,35-44,UK,Desktop,3144.76
1419,Male,Single,35-44,USA,Desktop,3955.81
1420,Male,Married,65-74,South Africa,Camera,503.16
1421,Female,Single,25-34,India,Tablet,3037.11
1422,Female,Single,55-64,Japan,TV,1421.7
1423,Male,Married,75-84,USA,Tablet,2105.6
1424,Female,Single,65-74,Germany,Mobile,4280.55
1425,Female,Single,45-54,Australia,Smartwatch,4711.79
1426,Male,Married,18-24,Japan,Mobile,2158.0
1427,Female,Single,45-54,Brazil,Headphones,3754.63
1428,Female,Married,75-84,Germany,Laptop,4757.79
1429,Female,Single,65-74,Canada,Camera,3138.29
1430,Male,Single,75-84,USA,Laptop,4901.05
1431,Male,Married,25-34,France,Camera,1605.21
1432,Female,Single,55-64,France,Mobile,4695.64
1433,Male,Married,55-64,Japan,Camera,4695.78
1434,Female,Married,55-64,UK,Desktop,4591.85
1435,Male,Married,45-54,Japan,Mobile,1436.99
1436,Female,Single,55-64,UK,Tablet,2236.95
1437,Female,Married,55-64,France,Desktop,234.92
1438,Female,Married,55-64,Germany,Tablet,2017.19
1439,Male,Single,55-64,India,Camera,154.27
1440,Male,Married,35-44,Germany,Mobile,1939.32
1441,Female,Single,25-34,Australia,Camera,891.89
1442,Male,Married,45-54,France,Tablet,4825.4
1443,Female,Married,45-54,Japan,Camera,3071.08
1444,Female,Single,55-64,France,Headphones,3696.84
1445,Female,Single,45-54,India,Camera,2186.87
1446,Male,Married,18-24,Japan,Desktop,4144.62
1447,Male,Single,75-84,South Africa,Camera,1024.76
1448,Female,Married,65-74,USA,Smartwatch,2184.14
1449,Female,Married,45-54,UK,Smartwatch,2870.31
1450,Male,Single,55-64,South Africa,Tablet,1535.39
1451,Female,Married,25-34,India,Desktop,3882.9
1452,Female,Single,55-64,UK,Tablet,3578.32
1453,Male,Single,75-84,Japan,Tablet,1173.77
1454,Female,Married,75-84,USA,Desktop,1926.29
1455,Male,Married,25-34,India,Camera,3614.13
1456,Male,Married,18-24,Australia,Smartwatch,2245.72
1457,Male,Single,65-74,France,Headphones,4093.0
1458,Female,Married,45-54,Australia,Laptop,1983.65
1459,Female,Married,45-54,South Africa,Tablet,708.22
1460,Female,Single,45-54,South Africa,Mobile,1252.8
1461,Female,Single,35-44,USA,Laptop,450.89
1462,Female,Single,75-84,USA,Headphones,1251.5
1463,Female,Married,35-44,Japan,TV,4296.22
1464,Female,Single,65-74,UK,TV,414.39
1465,Female,Single,35-44,Germany,Laptop,2985.14
1466,Male,Married,18-24,USA,Camera,2452.69
1467,Male,Single,45-54,France,Mobile,3566.95
1468,Male,Married,55-64,USA,Desktop,101.08
1469,Female,Married,45-54,South Africa,Laptop,521.87
1470,Male,Single,18-24,Canada,Camera,4543.96
1471,Female,Single,75-84,India,Tablet,2610.61
1472,Female,Single,65-74,South Africa,Camera,1354.73
1473,Female,Single,18-24,South Africa,Laptop,3545.18
1474,Male,Married,18-24,India,Headphones,3785.06
1475,Female,Married,35-44,Japan,Smartwatch,3441.92
1476,Male,Single,65-74,UK,Desktop,4877.14
1477,Female,Married,35-44,Japan,Camera,369.35
1478,Female,Married,65-74,Japan,Smartwatch,3883.83
1479,Male,Married,55-64,Australia,Tablet,1469.35
1480,Male,Single,25-34,Germany,Mobile,4799.13
1481,Male,Single,18-24,India,Tablet,1284.96
1482,Female,Married,45-54,Australia,Smartwatch,190.28
1483,Female,Married,18-24,Japan,Smartwatch,4360.5
1484,Female,Single,35-44,India,Mobile,570.72
1485,Male,Married,25-34,Germany,Tablet,1819.44
1486,Female,Single,35-44,Brazil,TV,3575.58
1487,Female,Single,35-44,USA,Smartwatch,3003.17
1488,Female,Married,55-64,UK,Mobile,177.11
1489,Female,Married,35-44,USA,Camera,4022.66
1490,Male,Single,45-54,Australia,Smartwatch,240.39
1491,Male,Married,35-44,UK,Mobile,2969.74
1492,Female,Single,55-64,Germany,Smartwatch,1262.38
1493,Female,Single,35-44,India,Tablet,3927.58
1494,Male,Single,35-44,Japan,TV,2052.28
1495,Female,Married,25-34,USA,Smartwatch,1674.91
1496,Male,Single,55-64,USA,Laptop,309.58
1497,Male,Single,25-34,France,Laptop,4083.18
1498,Female,Single,25-34,Brazil,Tablet,1866.28
1499,Female,Married,55-64,Germany,Desktop,2381.41
1500,Female,Married,25-34,Brazil,Smartwatch,4994.06
1501,Female,Single,18-24,Germany,Smartwatch,3079.37
1502,Female,Single,35-44,UK,Laptop,444.49
1503,Female,Single,35-44,Canada,Camera,1475.95
1504,Female,Single,18-24,Canada,Tablet,2893.73
1505,Female,Single,75-84,Germany,Mobile,1480.04
1506,Female,Single,18-24,Brazil,Headphones,2952.89
1507,Male,Married,45-54,Brazil,Camera,3326.02
1508,Female,Married,75-84,Japan,Headphones,2493.52
1509,Female,Married,35-44,USA,TV,579.76
1510,Female,Married,25-34,Japan,Headphones,949.9
1511,Male,Single,18-24,Germany,TV,4249.47
1512,Female,Single,65-74,UK,Desktop,1244.44
1513,Male,Married,35-44,USA,Mobile,267.86
1514,Male,Single,18-24,Canada,Mobile,786.79
1515,Male,Single,18-24,Australia,Desktop,993.91
1516,Female,Single,55-64,USA,Mobile,1248.91
1517,Male,Single,35-44,Germany,Desktop,4133.37
1518,Female,Single,25-34,USA,Headphones,4896.99
1519,Male,Single,25-34,Germany,Tablet,4783.17
1520,Female,Married,75-84,UK,Headphones,4197.18
1521,Male,Single,45-54,UK,Headphones,797.16
1522,Female,Single,45-54,Canada,Tablet,178.97
1523,Male,Married,18-24,UK,Tablet,4930.68
1524,Female,Married,45-54,Australia,Camera,2338.32
1525,Female,Married,18-24,Australia,Laptop,972.46
1526,Female,Married,55-64,France,Camera,4816.48
1527,Female,Married,45-54,UK,TV,3694.88
1528,Male,Married,65-74,France,Tablet,1129.11
1529,Female,Single,18-24,Germany,TV,304.49
1530,Female,Single,45-54,Germany,TV,2642.31
1531,Female,Single,65-74,France,Mobile,4897.76
1532,Male,Married,45-54,Australia,Smartwatch,3934.19
1533,Female,Single,55-64,India,Headphones,4679.26
1534,Female,Single,65-74,India,Mobile,4552.57
1535,Male,Married,55-64,Brazil,Tablet,4749.77
1536,Male,Single,45-54,Australia,Camera,2272.22
1537,Male,Single,25-34,Australia,Desktop,1619.47
1538,Male,Single,75-84,Australia,Laptop,4816.07
1539,Male,Single,45-54,Germany,Mobile,1831.47
1540,Male,Single,55-64,USA,Headphones,1568.69
1541,Female,Married,25-34,Brazil,Laptop,4702.88
1542,Female,Single,45-54,South Africa,Desktop,4186.22
1543,Male,Single,18-24,Japan,TV,1925.65
1544,Male,Single,18-24,India,Mobile,4489.54
1545,Female,Single,65-74,Canada,Desktop,1179.41
1546,Male,Married,75-84,Japan,Camera,2963.94
1547,Male,Single,25-34,Australia,Laptop,1133.02
1548,Female,Married,35-44,UK,Tablet,1956.98
1549,Female,Single,35-44,Germany,Mobile,4572.03
1550,Male,Single,65-74,France,TV,4225.68
1551,Female,Married,25-34,Japan,Laptop,2544.58
1552,Female,Single,75-84,Germany,Laptop,3704.79
1553,Female,Single,65-74,South Africa,Smartwatch,2838.5
1554,Male,Married,65-74,Canada,Headphones,836.64
1555,Female,Married,65-74,Germany,Mobile,211.72
1556,Male,Married,25-34,India,Headphones,4890.59
1557,Male,Married,45-54,UK,Tablet,4869.61
1558,Female,Married,55-64,USA,Headphones,1858.36
1559,Female,Single,25-34,Australia,Tablet,2478.55
1560,Female,Married,25-34,France,Smartwatch,4902.73
1561,Male,Married,35-44,Brazil,Desktop,1879.88
1562,Female,Married,18-24,South Africa,Camera,676.88
1563,Female,Married,35-44,Brazil,Tablet,2492.02
1564,Male,Married,55-64,Germany,TV,3524.17
1565,Female,Single,55-64,South Africa,Mobile,4494.29
1566,Female,Married,65-74,Japan,TV,2003.07
1567,Male,Married,65-74,South Africa,Tablet,4427.46
1568,Female,Married,75-84,USA,Camera,1905.33
1569,Female,Single,65-74,Brazil,Mobile,4941.92
1570,Female,Married,35-44,Canada,Headphones,3500.3
1571,Female,Single,35-44,South Africa,TV,4155.38
1572,Male,Single,18-24,USA,Desktop,3995.89
1573,Male,Single,55-64,UK,Laptop,1431.21
1574,Female,Married,55-64,UK,Desktop,2567.54
1575,Male,Single,75-84,France,Tablet,4160.69
1576,Female,Single,18-24,Australia,Smartwatch,145.85
1577,Male,Married,25-34,UK,Mobile,3477.94
1578,Male,Married,45-54,Brazil,Tablet,4872.59
1579,Female,Married,45-54,Japan,Mobile,899.34
1580,Male,Married,35-44,Germany,Mobile,3521.73
1581,Male,Single,25-34,South Africa,Laptop,1602.0
1582,Female,Married,45-54,Japan,Mobile,4422.44
1583,Male,Single,65-74,Canada,Laptop,3811.31
1584,Female,Single,75-84,Australia,Tablet,167.49
1585,Female,Married,75-84,Brazil,Desktop,1620.68
1586,Male,Single,75-84,India,Mobile,3753.67
1587,Female,Single,25-34,India,Mobile,3036.22
1588,Male,Single,65-74,Canada,Desktop,3281.76
1589,Male,Single,65-74,Canada,Laptop,3648.51
1590,Male,Married,18-24,France,Mobile,4848.09
1591,Female,Married,65-74,India,Smartwatch,1960.16
1592,Female,Single,18-24,Brazil,Desktop,3847.28
1593,Male,Married,25-34,Australia,Desktop,2268.68
1594,Female,Single,25-34,France,Smartwatch,1791.96
1595,Male,Married,45-54,USA,Desktop,4650.75
1596,Male,Single,55-64,Australia,Smartwatch,3231.05
1597,Female,Single,75-84,Japan,Camera,2286.06
1598,Male,Married,65-74,UK,Laptop,4420.23
1599,Female,Married,55-64,USA,Laptop,3308.66
1600,Female,Single,45-54,Japan,Laptop,1284.64
1601,Female,Single,45-54,USA,TV,1917.04
1602,Female,Married,35-44,Japan,Mobile,2255.61
1603,Male,Single,18-24,Germany,Camera,4535.19
1604,Male,Married,65-74,Brazil,Laptop,1782.28
1605,Male,Single,75-84,Japan,Tablet,4992.52
1606,Male,Married,55-64,Germany,Headphones,378.83
1607,Female,Single,65-74,India,Camera,1152.16
1608,Female,Single,18-24,Brazil,Smartwatch,2474.55
1609,Female,Single,75-84,India,Mobile,540.64
1610,Female,Single,65-74,South Africa,Mobile,4758.44
1611,Male,Married,65-74,Australia,Tablet,4241.65
1612,Female,Married,25-34,Canada,Tablet,697.51
1613,Male,Single,75-84,Japan,Tablet,367.21
1614,Male,Married,35-44,France,Laptop,4203.94
1615,Female,Single,65-74,South Africa,Headphones,3050.91
1616,Female,Single,35-44,France,Tablet,505.2
1617,Male,Married,35-44,Canada,Headphones,333.12
1618,Female,Single,25-34,Germany,Smartwatch,4306.63
1619,Female,Single,35-44,South Africa,Smartwatch,2252.26
1620,Male,Married,65-74,Australia,Tablet,2378.75
1621,Male,Single,25-34,South Africa,Camera,4253.17
1622,Female,Married,55-64,Canada,Headphones,2987.71
1623,Female,Married,55-64,India,Laptop,3704.4
1624,Male,Married,18-24,Japan,Camera,1009.87
1625,Female,Single,75-84,South Africa,Mobile,1243.19
1626,Male,Married,45-54,Australia,Headphones,974.04
1627,Female,Single,25-34,Canada,Smartwatch,2613.11
1628,Male,Married,55-64,Japan,TV,3174.79
1629,Female,Married,35-44,USA,TV,3683.7
1630,Male,Married,55-64,USA,Smartwatch,3719.21
1631,Male,Single,25-34,South Africa,Mobile,281.74
1632,Female,Single,35-44,UK,Smartwatch,1395.79
1633,Male,Married,45-54,India,Desktop,2514.83
1634,Female,Single,35-44,India,Laptop,4801.66
1635,Female,Single,25-34,Australia,Smartwatch,3315.02
1636,Male,Single,45-54,USA,Headphones,1767.55
1637,Male,Single,45-54,USA,Laptop,3260.75
1638,Female,Single,65-74,Brazil,Laptop,1749.89
1639,Female,Single,25-34,Germany,Tablet,4945.01
1640,Male,Single,25-34,Japan,Desktop,1011.25
1641,Male,Married,35-44,Canada,Headphones,4390.62
1642,Male,Married,18-24,Canada,Camera,919.05
1643,Female,Single,18-24,Australia,Mobile,136.53
1644,Female,Married,25-34,India,Laptop,360.37
1645,Female,Married,35-44,Australia,Tablet,4023.2
1646,Female,Single,75-84,Japan,Laptop,4951.51
1647,Male,Single,55-64,Brazil,Laptop,1473.82
1648,Male,Married,25-34,Australia,Smartwatch,565.0
1649,Female,Single,25-34,Australia,Camera,3556.63
1650,Male,Married,45-54,Brazil,Camera,4192.63
1651,Male,Married,25-34,Canada,Smartwatch,3783.47
1652,Female,Married,75-84,UK,Headphones,997.66
1653,Female,Single,25-34,Germany,TV,269.31
1654,Male,Married,65-74,South Africa,Tablet,343.2
1655,Male,Married,35-44,Brazil,Headphones,3617.6
1656,Male,Single,45-54,Canada,Desktop,3197.29
1657,Female,Single,45-54,France,TV,1013.1
1658,Male,Single,75-84,USA,Mobile,2204.66
1659,Male,Single,65-74,Japan,Mobile,4098.16
1660,Male,Single,45-54,Japan,Headphones,3170.76
1661,Female,Single,65-74,Canada,Headphones,3420.15
1662,Female,Married,25-34,USA,Mobile,3955.94
1663,Female,Single,25-34,France,Smartwatch,182.44
1664,Male,Single,18-24,Brazil,Smartwatch,4800.66
1665,Male,Single,35-44,India,Desktop,4804.86
1666,Male,Married,65-74,Germany,Desktop,635.7
1667,Female,Single,45-54,France,Headphones,3293.24
1668,Male,Single,45-54,Japan,Camera,3464.87
1669,Female,Married,35-44,Canada,Camera,4163.46
1670,Female,Married,18-24,India,Laptop,2798.61
1671,Male,Single,65-74,India,Tablet,1837.19
1672,Female,Single,65-74,Japan,Mobile,2687.82
1673,Female,Single,75-84,Australia,Smartwatch,3121.42
1674,Female,Single,25-34,India,Mobile,3206.37
1675,Male,Single,75-84,UK,Laptop,559.63
1676,Female,Married,45-54,South Africa,Smartwatch,803.32
1677,Female,Single,65-74,Australia,Tablet,4851.73
1678,Female,Married,65-74,India,Desktop,2161.81
1679,Male,Married,55-64,France,Mobile,1276.28
1680,Female,Single,75-84,Brazil,Laptop,1951.73
1681,Female,Single,25-34,South Africa,Desktop,867.05
1682,Male,Married,55-64,USA,Mobile,3952.57
1683,Female,Married,45-54,South Africa,TV,2060.82
1684,Female,Single,55-64,India,Desktop,2096.73
1685,Male,Married,35-44,Canada,Headphones,321.21
1686,Male,Married,35-44,France,Tablet,4096.55
1687,Female,Single,55-64,Australia,Tablet,573.07
1688,Female,Married,75-84,South Africa,Laptop,2610.77
1689,Male,Married,35-44,Germany,Laptop,1622.26
1690,Male,Single,55-64,Japan,Desktop,397.37
1691,Male,Single,45-54,South Africa,TV,4969.67
1692,Male,Married,18-24,Canada,Headphones,3969.4
1693,Female,Single,75-84,India,Camera,2876.55
1694,Male,Single,18-24,Brazil,Smartwatch,4911.44
1695,Female,Single,55-64,UK,Tablet,4868.95
1696,Male,Single,45-54,Germany,Mobile,234.3
1697,Male,Single,35-44,Australia,Mobile,4483.67
1698,Female,Married,35-44,Brazil,TV,398.48
1699,Male,Single,55-64,France,Camera,2365.89
1700,Female,Married,45-54,Japan,Camera,4421.04
1701,Female,Single,65-74,Canada,Tablet,2814.61
1702,Male,Married,55-64,Australia,TV,2745.75
1703,Male,Single,55-64,Germany,Desktop,1871.58
1704,Female,Single,35-44,Canada,Smartwatch,2011.96
1705,Female,Married,55-64,South Africa,Headphones,2278.59
1706,Male,Single,25-34,South Africa,Headphones,207.42
1707,Female,Married,75-84,South Africa,Headphones,2429.45
1708,Male,Married,25-34,Germany,TV,2279.98
1709,Male,Single,65-74,Australia,Smartwatch,4466.67
1710,Female,Single,65-74,Japan,Desktop,3996.63
1711,Male,Single,18-24,UK,Tablet,2931.44
1712,Female,Single,25-34,Australia,Camera,373.52
1713,Male,Single,18-24,Germany,Mobile,734.3
1714,Male,Single,75-84,Canada,Smartwatch,4806.1
1715,Female,Single,35-44,India,Camera,4208.82
1716,Female,Single,75-84,Canada,Camera,1193.48
1717,Male,Married,25-34,USA,Camera,551.04
1718,Female,Single,25-34,Australia,Smartwatch,4205.29
1719,Female,Single,18-24,Brazil,Headphones,1043.72
1720,Male,Single,18-24,UK,Smartwatch,176.15
1721,Male,Married,45-54,Australia,Headphones,2310.17
1722,Female,Married,55-64,India,Smartwatch,320.06
1723,Male,Single,75-84,UK,Camera,4498.19
1724,Female,Married,45-54,Japan,Desktop,744.14
1725,Male,Single,25-34,Canada,Headphones,3441.48
1726,Male,Married,25-34,Australia,Headphones,788.19
1727,Female,Married,18-24,Brazil,Mobile,3621.11
1728,Female,Married,55-64,UK,TV,1901.46
1729,Female,Married,18-24,South Africa,Laptop,4691.05
1730,Male,Single,75-84,UK,Headphones,4220.77
1731,Female,Married,65-74,Australia,Smartwatch,3596.81
1732,Male,Married,65-74,India,Headphones,1626.11
1733,Female,Single,18-24,Australia,TV,1384.83
1734,Female,Single,55-64,Germany,Desktop,3613.07
1735,Male,Single,65-74,India,Tablet,4936.66
1736,Female,Married,25-34,Japan,TV,4681.19
1737,Female,Married,25-34,USA,TV,1752.78
1738,Female,Married,65-74,Japan,TV,1921.85
1739,Male,Single,25-34,UK,Camera,1208.94
1740,Female,Single,75-84,USA,TV,2149.12
1741,Male,Married,65-74,Australia,Laptop,1764.94
1742,Male,Married,35-44,UK,Tablet,3035.0
1743,Male,Married,65-74,Brazil,Headphones,512.97
1744,Male,Married,18-24,India,Tablet,2519.2
1745,Female,Single,65-74,USA,Tablet,958.77
1746,Female,Single,75-84,USA,Camera,189.67
1747,Female,Married,25-34,Brazil,TV,4945.98
1748,Female,Single,45-54,India,Laptop,4664.14
1749,Male,Married,65-74,South Africa,Desktop,553.92
1750,Female,Single,65-74,Brazil,TV,733.67
1751,Male,Married,75-84,USA,Headphones,1320.06
1752,Male,Single,25-34,France,Headphones,2834.57
1753,Male,Married,45-54,Brazil,Tablet,718.27
1754,Female,Married,75-84,South Africa,Camera,4380.08
1755,Male,Married,75-84,Brazil,Desktop,4444.94
1756,Female,Single,35-44,UK,Camera,203.28
1757,Female,Married,55-64,Australia,Headphones,4052.82
1758,Female,Married,35-44,France,Tablet,1403.27
1759,Female,Single,18-24,Japan,Headphones,813.72
1760,Male,Single,55-64,India,Smartwatch,4494.94
1761,Male,Married,65-74,Brazil,Tablet,1471.81
1762,Female,Single,18-24,Australia,Camera,3517.6
1763,Male,Married,25-34,Japan,Tablet,3881.31
1764,Male,Single,45-54,India,Smartwatch,2856.46
1765,Male,Married,35-44,Brazil,Camera,2205.46
1766,Female,Married,18-24,South Africa,Laptop,3112.18
1767,Female,Married,65-74,India,Headphones,1347.93
1768,Female,Single,25-34,Brazil,Tablet,1418.66
1769,Male,Single,25-34,UK,Camera,857.92
1770,Male,Married,35-44,Brazil,Headphones,4931.03
1771,Female,Single,25-34,Australia,Camera,3282.69
1772,Male,Single,55-64,Brazil,Camera,3739.42
1773,Male,Single,18-24,France,TV,2086.88
1774,Male,Single,45-54,South Africa,Smartwatch,135.1
1775,Female,Married,55-64,Canada,Laptop,2047.37
1776,Male,Single,45-54,Germany,Laptop,4102.42
1777,Male,Married,55-64,USA,Smartwatch,343.13
1778,Male,Single,18-24,Japan,Mobile,4689.78
1779,Male,Married,25-34,Brazil,Camera,1920.98
1780,Male,Married,18-24,Japan,Tablet,4998.93
1781,Female,Married,65-74,Australia,Smartwatch,3230.3
1782,Female,Single,25-34,USA,TV,2429.46
1783,Female,Married,18-24,Brazil,Smartwatch,4089.05
1784,Male,Married,35-44,Canada,Headphones,482.99
1785,Female,Single,35-44,South Africa,Laptop,3705.83
1786,Male,Married,25-34,USA,TV,143.89
1787,Male,Single,65-74,USA,Laptop,3108.69
1788,Female,Single,65-74,UK,TV,1430.95
1789,Female,Married,35-44,UK,Desktop,1678.31
1790,Male,Married,18-24,USA,Camera,2016.02
1791,Male,Married,45-54,Brazil,Desktop,113.62
1792,Male,Single,45-54,Germany,Mobile,3393.63
1793,Male,Married,35-44,Germany,TV,4550.85
1794,Male,Single,18-24,USA,TV,2115.25
1795,Male,Married,75-84,India,Mobile,1905.57
1796,Male,Single,25-34,Japan,Headphones,744.57
1797,Male,Single,25-34,South Africa,Tablet,4531.1
1798,Male,Married,75-84,Canada,TV,4303.79
1799,Female,Single,55-64,France,Smartwatch,4705.07
1800,Female,Single,45-54,Brazil,Tablet,4451.73
1801,Male,Married,45-54,UK,Laptop,307.49
1802,Male,Single,55-64,Germany,Smartwatch,1910.49
1803,Male,Single,55-64,Japan,Smartwatch,1917.06
1804,Female,Single,45-54,USA,Laptop,615.39
1805,Male,Married,75-84,South Africa,Desktop,637.05
1806,Female,Married,75-84,UK,TV,1367.98
1807,Female,Married,18-24,UK,TV,454.6
1808,Male,Single,18-24,South Africa,Desktop,2563.24
1809,Female,Married,55-64,South Africa,Camera,3358.06
1810,Female,Single,65-74,Germany,Desktop,3598.92
1811,Female,Married,18-24,Germany,Desktop,373.09
1812,Male,Married,45-54,Canada,Camera,3752.69
1813,Male,Single,45-54,Germany,Mobile,2417.66
1814,Male,Married,25-34,India,Laptop,171.89
1815,Female,Married,45-54,Australia,Camera,3063.72
1816,Female,Single,55-64,Canada,Desktop,2182.54
1817,Male,Married,65-74,Australia,Desktop,4967.79
1818,Male,Single,65-74,India,Laptop,1109.88
1819,Male,Single,55-64,India,Headphones,4555.58
1820,Female,Single,65-74,Japan,Desktop,4512.79
1821,Female,Single,65-74,Japan,Camera,2248.75
1822,Male,Single,75-84,Germany,Tablet,4365.9
1823,Male,Single,55-64,UK,Desktop,3331.98
1824,Female,Single,55-64,Canada,Camera,1248.96
1825,Male,Single,75-84,Australia,Mobile,843.13
1826,Female,Single,18-24,Brazil,Headphones,4917.16
1827,Female,Married,35-44,UK,Laptop,1139.81
1828,Male,Married,35-44,UK,Tablet,158.18
1829,Male,Married,65-74,India,Tablet,3761.53
1830,Female,Single,65-74,India,TV,1820.34
1831,Female,Married,25-34,South Africa,Headphones,1589.04
1832,Male,Single,35-44,USA,TV,4182.62
1833,Male,Married,18-24,Brazil,Tablet,2568.59
1834,Female,Single,18-24,USA,Headphones,1591.25
1835,Male,Single,45-54,Japan,Camera,3193.51
1836,Male,Married,25-34,India,Camera,4366.12
1837,Female,Married,35-44,Japan,TV,317.03
1838,Female,Married,45-54,UK,Headphones,765.51
1839,Male,Single,25-34,Japan,Mobile,3036.96
1840,Male,Single,75-84,UK,Headphones,1022.57
1841,Male,Married,25-34,UK,Laptop,2861.63
1842,Female,Single,35-44,USA,Desktop,2216.79
1843,Female,Single,55-64,Germany,Laptop,4464.96
1844,Male,Single,25-34,Brazil,Camera,594.63
1845,Male,Married,18-24,Australia,Camera,587.79
1846,Female,Single,45-54,Canada,Camera,4837.26
1847,Female,Single,18-24,Brazil,Laptop,4336.44
1848,Female,Single,35-44,France,Camera,3622.12
1849,Male,Single,65-74,UK,Mobile,2167.88
1850,Female,Single,25-34,France,Headphones,1822.02
1851,Male,Single,75-84,USA,TV,4324.85
1852,Male,Single,35-44,Australia,Desktop,389.95
1853,Female,Married,55-64,France,TV,3240.86
1854,Male,Single,45-54,USA,TV,2827.08
1855,Female,Married,65-74,Brazil,Tablet,4185.06
1856,Female,Single,35-44,Germany,Desktop,4919.82
1857,Male,Single,18-24,Australia,Camera,2100.78
1858,Female,Single,45-54,UK,Desktop,1313.73
1859,Female,Married,35-44,UK,Laptop,255.25
1860,Female,Single,35-44,Brazil,Tablet,2377.69
1861,Male,Married,25-34,Canada,Desktop,3822.56
1862,Male,Single,35-44,India,Camera,118.18
1863,Male,Single,55-64,India,Smartwatch,1154.98
1864,Male,Single,65-74,South Africa,Camera,1792.86
1865,Female,Single,55-64,Germany,Desktop,4244.05
1866,Male,Married,55-64,Australia,Tablet,3697.92
1867,Female,Single,18-24,South Africa,Laptop,1254.6
1868,Male,Single,65-74,Australia,Mobile,4108.06
1869,Male,Single,65-74,Canada,Smartwatch,390.83
1870,Male,Married,75-84,Germany,Tablet,1092.83
1871,Female,Single,75-84,India,Desktop,2162.41
1872,Female,Married,75-84,UK,Headphones,2442.29
1873,Female,Single,55-64,France,Smartwatch,2747.11
1874,Male,Married,65-74,Japan,Headphones,4810.68
1875,Male,Single,18-24,Australia,Smartwatch,1892.98
1876,Male,Single,45-54,Canada,Camera,2735.12
1877,Female,Married,18-24,Brazil,Tablet,785.31
1878,Male,Married,65-74,France,Camera,2248.78
1879,Male,Married,25-34,Canada,TV,1853.39
1880,Male,Single,18-24,Australia,Laptop,699.09
1881,Male,Married,25-34,UK,Laptop,174.31
1882,Male,Married,35-44,Australia,Headphones,2662.94
1883,Male,Single,18-24,Canada,Smartwatch,2830.01
1884,Female,Single,75-84,Germany,Desktop,2448.01
1885,Female,Married,55-64,UK,TV,4421.06
1886,Male,Married,25-34,Canada,Laptop,4184.48
1887,Male,Married,25-34,Canada,Headphones,1872.83
1888,Female,Married,45-54,Germany,Smartwatch,3680.27
1889,Male,Married,45-54,India,TV,4577.79
1890,Female,Married,75-84,Germany,Desktop,891.38
1891,Female,Single,35-44,Canada,Headphones,4554.66
1892,Male,Single,75-84,UK,Laptop,4560.74
1893,Female,Married,75-84,Japan,Headphones,1073.23
1894,Female,Single,18-24,Canada,Mobile,1233.64
1895,Female,Married,55-64,UK,Headphones,975.45
1896,Male,Married,55-64,Japan,Laptop,1717.0
1897,Male,Married,25-34,Brazil,Tablet,1589.15
1898,Female,Married,35-44,Australia,Desktop,4871.85
1899,Male,Single,65-74,India,Headphones,3710.24
1900,Male,Single,35-44,India,Camera,4280.76
1901,Female,Single,65-74,USA,Laptop,1730.29
1902,Male,Married,35-44,USA,Mobile,1984.82
1903,Female,Single,45-54,France,Camera,4099.57
1904,Male,Married,75-84,Canada,Camera,528.39
1905,Female,Married,45-54,Brazil,TV,2150.2
1906,Female,Single,45-54,Germany,Camera,4016.58
1907,Male,Single,45-54,USA,TV,4332.93
1908,Female,Married,65-74,Germany,Tablet,2337.98
1909,Male,Single,18-24,Brazil,Headphones,2847.25
1910,Female,Married,75-84,France,Tablet,4105.83
1911,Male,Married,45-54,UK,Laptop,3965.77
1912,Female,Married,65-74,Germany,Smartwatch,3402.54
1913,Female,Single,25-34,UK,Mobile,1442.18
1914,Female,Married,45-54,Australia,Tablet,2571.21
1915,Female,Married,45-54,Brazil,Desktop,3657.04
1916,Female,Married,18-24,South Africa,Laptop,1500.87
1917,Male,Single,18-24,UK,Laptop,343.19
1918,Male,Married,65-74,USA,Mobile,1427.16
1919,Female,Single,18-24,Australia,Smartwatch,2144.06
1920,Female,Single,75-84,South Africa,Mobile,4050.05
1921,Male,Married,25-34,Australia,Desktop,899.69
1922,Male,Single,25-34,South Africa,Tablet,4339.07
1923,Female,Married,18-24,South Africa,Mobile,1969.21
1924,Female,Married,65-74,Japan,Headphones,4199.57
1925,Male,Single,25-34,France,Headphones,576.95
1926,Female,Married,35-44,India,Camera,2965.88
1927,Male,Married,25-34,Germany,Smartwatch,1599.12
1928,Female,Married,55-64,Australia,Desktop,3848.91
1929,Female,Single,18-24,Canada,Headphones,3863.83
1930,Female,Married,18-24,UK,Desktop,2290.3
1931,Male,Married,75-84,UK,Laptop,3735.12
1932,Female,Single,18-24,India,Desktop,2872.92
1933,Female,Single,65-74,USA,Camera,3854.57
1934,Male,Married,35-44,South Africa,Tablet,2133.51
1935,Male,Married,35-44,France,Headphones,2937.69
1936,Male,Married,55-64,Japan,Camera,142.96
1937,Female,Married,45-54,South Africa,Laptop,3848.7
1938,Female,Married,55-64,Germany,Mobile,800.33
1939,Female,Single,35-44,South Africa,Camera,4658.7
1940,Male,Single,65-74,USA,Desktop,1840.59
1941,Male,Married,65-74,Germany,Mobile,2008.38
1942,Male,Married,25-34,France,Desktop,1168.56
1943,Female,Single,75-84,India,Camera,1090.83
1944,Female,Married,75-84,South Africa,Headphones,4236.15
1945,Female,Single,55-64,Japan,Desktop,4024.7
1946,Male,Single,55-64,France,Laptop,2575.58
1947,Male,Married,45-54,Japan,Smartwatch,4654.89
1948,Male,Married,18-24,Germany,Headphones,2389.79
1949,Female,Married,65-74,Australia,Tablet,1922.96
1950,Male,Single,55-64,India,TV,1843.17
1951,Female,Married,55-64,USA,Headphones,276.82
1952,Male,Married,65-74,Japan,Desktop,1431.33
1953,Male,Married,55-64,Germany,Laptop,2316.3
1954,Male,Single,65-74,USA,Tablet,688.42
1955,Female,Married,45-54,USA,Headphones,1885.26
1956,Female,Single,35-44,USA,Desktop,1430.18
1957,Male,Single,45-54,Japan,Headphones,4289.43
1958,Male,Married,25-34,UK,TV,2611.32
1959,Female,Married,55-64,France,Camera,2549.98
1960,Male,Married,25-34,Japan,Tablet,166.22
1961,Female,Married,45-54,Japan,Desktop,2024.36
1962,Female,Married,35-44,Japan,Headphones,1063.81
1963,Female,Single,45-54,South Africa,TV,923.89
1964,Male,Single,65-74,South Africa,Smartwatch,3903.91
1965,Female,Single,18-24,Japan,Tablet,1719.76
1966,Female,Single,65-74,Japan,Smartwatch,563.04
1967,Female,Single,18-24,India,Mobile,2935.3
1968,Female,Married,25-34,Germany,Laptop,2431.91
1969,Female,Married,75-84,Japan,Headphones,3699.49
1970,Female,Single,65-74,France,Headphones,4744.63
1971,Male,Single,18-24,Japan,Camera,1164.95
1972,Male,Single,55-64,Brazil,Smartwatch,1541.7
1973,Female,Single,25-34,Germany,Laptop,3294.77
1974,Female,Married,25-34,Japan,Smartwatch,1593.18
1975,Female,Married,45-54,South Africa,Smartwatch,3767.06
1976,Male,Single,65-74,UK,Smartwatch,2958.28
1977,Female,Married,65-74,Australia,Tablet,2324.97
1978,Male,Single,35-44,Brazil,TV,3136.64
1979,Male,Single,75-84,Australia,Camera,3899.49
1980,Male,Married,65-74,UK,Headphones,4688.38
1981,Female,Single,18-24,Brazil,Tablet,2233.56
1982,Male,Married,65-74,India,Desktop,921.71
1983,Male,Married,65-74,Japan,Smartwatch,1543.76
1984,Male,Single,18-24,Germany,Desktop,3390.18
1985,Female,Married,75-84,Germany,Mobile,3902.8
1986,Female,Married,45-54,Germany,Tablet,3290.2
1987,Female,Single,55-64,Brazil,Camera,572.8
1988,Male,Married,25-34,India,TV,4508.18
1989,Male,Married,75-84,Canada,Headphones,4975.48
1990,Female,Married,35-44,Germany,Headphones,745.62
1991,Male,Married,45-54,USA,Desktop,4144.71
1992,Male,Single,65-74,Brazil,Desktop,420.77
1993,Female,Single,65-74,Australia,Camera,2404.56
1994,Male,Married,18-24,Germany,TV,2338.14
1995,Female,Married,75-84,Japan,Laptop,3758.32
1996,Female,Single,45-54,Canada,Smartwatch,4057.06
1997,Female,Single,45-54,South Africa,Laptop,717.85
1998,Male,Single,75-84,South Africa,Tablet,3036.76
1999,Male,Single,75-84,USA,Smartwatch,2485.73
2000,Male,Single,45-54,UK,Headphones,433.04
